{"cameraMode":{"drawMode":0,"name":"Shaded","section":"Shading Mode"},"sceneLighting":false,"audioPlay":false,"sceneViewState":{"showFog":true,"showMaterialUpdate":false,"showSkybox":false,"showFlares":true,"showImageEffects":true,"showParticleSystems":true},"in2DMode":false,"pivot":{"x":-0.07857996225357056,"y":7.3712921142578129,"z":-0.3140184283256531},"rotation":{"x":0.11436905711889267,"y":-0.5070091485977173,"z":0.06809070706367493,"w":0.8516015410423279},"size":24.615751266479493,"orthographic":false}